,,,,,,,,,,,,,,,,,,,,,
,Daily patronage by mode,,,,,,,,,,,,,,,,,,,,
,,,,,,,,,,,,,,,,,,,,,
,"• Patronage counts include HOP, contactless payments, and train line-to-line transfers.",,,,,,,,,,,,,,,,,,,,
,• Patronage counts include manual counts from replacement routes and data losses.,,,,,,,,,,,,,,,,,,,,
,"• Patronage counts exclude special events, and group travel on trains.",,,,,,,,,,,,,,,,,,,,
,,,,,,,,,,,,,,,,,,,,,
Date,Day,Bus,Train,Ferry,Grand Total,,,,,,,,,,,,,,,,
30 Jun 2025,Mon," 175,611 "," 35,481 "," 8,405 "," 219,497 ",,,,,,,,,,,,,,,,
29 Jun 2025,Sun," 88,281 "," 11,699 "," 3,739 "," 103,719 ",,,,,,,,,,,,,,,,
28 Jun 2025,Sat," 98,335 "," 14,444 "," 3,617 "," 116,396 ",,,,,,,,,,,,,,,,
27 Jun 2025,Fri," 169,039 "," 34,826 "," 4,414 "," 208,279 ",,,,,,,,,,,,,,,,
26 Jun 2025,Thu," 233,775 "," 49,265 "," 7,617 "," 290,657 ",,,,,,,,,,,,,,,,
25 Jun 2025,Wed," 242,743 "," 52,684 "," 8,483 "," 303,910 ",,,,,,,,,,,,,,,,
24 Jun 2025,Tue," 241,721 "," 49,976 "," 8,358 "," 300,055 ",,,,,,,,,,,,,,,,
23 Jun 2025,Mon," 227,321 "," 11,943 "," 7,249 "," 246,513 ",,,,,,,,,,,,,,,,
22 Jun 2025,Sun," 93,068 "," 4,712 "," 4,617 "," 102,397 ",,,,,,,,,,,,,,,,
21 Jun 2025,Sat," 118,016 "," 6,679 "," 5,677 "," 130,372 ",,,,,,,,,,,,,,,,
20 Jun 2025,Fri," 102,151 "," 5,817 "," 4,583 "," 112,551 ",,,,,,,,,,,,,,,,
19 Jun 2025,Thu," 238,134 "," 52,765 "," 8,125 "," 299,024 ",,,,,,,,,,,,,,,,
18 Jun 2025,Wed," 250,290 "," 55,544 "," 8,784 "," 314,618 ",,,,,,,,,,,,,,,,
17 Jun 2025,Tue," 249,211 "," 55,477 "," 9,144 "," 313,832 ",,,,,,,,,,,,,,,,
16 Jun 2025,Mon," 233,561 "," 49,761 "," 8,183 "," 291,505 ",,,,,,,,,,,,,,,,
15 Jun 2025,Sun," 78,993 "," 12,252 "," 2,692 "," 93,937 ",,,,,,,,,,,,,,,,
14 Jun 2025,Sat," 113,741 "," 19,127 "," 4,799 "," 137,667 ",,,,,,,,,,,,,,,,
13 Jun 2025,Fri," 229,449 "," 49,064 "," 7,533 "," 286,046 ",,,,,,,,,,,,,,,,
12 Jun 2025,Thu," 238,218 "," 51,090 "," 7,865 "," 297,173 ",,,,,,,,,,,,,,,,
11 Jun 2025,Wed," 250,164 "," 48,584 "," 8,613 "," 307,361 ",,,,,,,,,,,,,,,,
10 Jun 2025,Tue," 233,825 "," 51,910 "," 7,160 "," 292,895 ",,,,,,,,,,,,,,,,
09 Jun 2025,Mon," 214,471 "," 46,657 "," 7,008 "," 268,136 ",,,,,,,,,,,,,,,,
08 Jun 2025,Sun," 92,186 "," 12,603 "," 4,326 "," 109,115 ",,,,,,,,,,,,,,,,
07 Jun 2025,Sat," 113,659 "," 19,622 "," 4,701 "," 137,982 ",,,,,,,,,,,,,,,,
06 Jun 2025,Fri," 236,634 "," 49,096 "," 7,190 "," 292,920 ",,,,,,,,,,,,,,,,
05 Jun 2025,Thu," 259,156 "," 56,197 "," 8,407 "," 323,760 ",,,,,,,,,,,,,,,,
04 Jun 2025,Wed," 236,733 "," 52,857 "," 6,313 "," 295,903 ",,,,,,,,,,,,,,,,
03 Jun 2025,Tue," 256,660 "," 54,991 "," 8,768 "," 320,419 ",,,,,,,,,,,,,,,,
02 Jun 2025,Mon," 89,810 "," 4,932 "," 4,698 "," 99,440 ",,,,,,,,,,,,,,,,
01 Jun 2025,Sun," 102,691 "," 5,027 "," 4,921 "," 112,639 ",,,,,,,,,,,,,,,,
31 May 2025,Sat," 121,915 "," 6,830 "," 5,202 "," 133,947 ",,,,,,,,,,,,,,,,
30 May 2025,Fri," 232,935 "," 12,756 "," 7,592 "," 253,283 ",,,,,,,,,,,,,,,,
29 May 2025,Thu," 260,496 "," 57,596 "," 8,040 "," 326,132 ",,,,,,,,,,,,,,,,
28 May 2025,Wed," 259,136 "," 58,120 "," 8,087 "," 325,343 ",,,,,,,,,,,,,,,,
27 May 2025,Tue," 261,409 "," 57,208 "," 8,807 "," 327,424 ",,,,,,,,,,,,,,,,
26 May 2025,Mon," 243,534 "," 52,715 "," 7,954 "," 304,203 ",,,,,,,,,,,,,,,,
25 May 2025,Sun," 94,582 "," 15,586 "," 3,890 "," 114,058 ",,,,,,,,,,,,,,,,
24 May 2025,Sat," 123,344 "," 22,512 "," 6,402 "," 152,258 ",,,,,,,,,,,,,,,,
23 May 2025,Fri," 246,444 "," 52,720 "," 8,604 "," 307,768 ",,,,,,,,,,,,,,,,
22 May 2025,Thu," 271,126 "," 59,943 "," 9,732 "," 340,801 ",,,,,,,,,,,,,,,,
21 May 2025,Wed," 274,138 "," 60,692 "," 9,711 "," 344,541 ",,,,,,,,,,,,,,,,
20 May 2025,Tue," 272,500 "," 59,488 "," 9,709 "," 341,697 ",,,,,,,,,,,,,,,,
19 May 2025,Mon," 249,774 "," 54,119 "," 8,436 "," 312,329 ",,,,,,,,,,,,,,,,
18 May 2025,Sun," 86,443 "," 12,701 "," 3,154 "," 102,298 ",,,,,,,,,,,,,,,,
17 May 2025,Sat," 124,840 "," 21,702 "," 7,248 "," 153,790 ",,,,,,,,,,,,,,,,
16 May 2025,Fri," 251,180 "," 53,658 "," 9,687 "," 314,525 ",,,,,,,,,,,,,,,,
15 May 2025,Thu," 273,420 "," 59,076 "," 10,068 "," 342,564 ",,,,,,,,,,,,,,,,
14 May 2025,Wed," 276,114 "," 60,532 "," 9,727 "," 346,373 ",,,,,,,,,,,,,,,,
13 May 2025,Tue," 272,022 "," 59,092 "," 9,539 "," 340,653 ",,,,,,,,,,,,,,,,
12 May 2025,Mon," 255,139 "," 54,384 "," 8,927 "," 318,450 ",,,,,,,,,,,,,,,,
11 May 2025,Sun," 92,088 "," 13,989 "," 5,660 "," 111,737 ",,,,,,,,,,,,,,,,
10 May 2025,Sat," 123,527 "," 20,290 "," 5,989 "," 149,806 ",,,,,,,,,,,,,,,,
09 May 2025,Fri," 217,135 "," 46,278 "," 6,253 "," 269,666 ",,,,,,,,,,,,,,,,
08 May 2025,Thu," 269,652 "," 58,400 "," 8,832 "," 336,884 ",,,,,,,,,,,,,,,,
07 May 2025,Wed," 279,927 "," 61,101 "," 10,112 "," 351,140 ",,,,,,,,,,,,,,,,
06 May 2025,Tue," 275,837 "," 61,235 "," 10,446 "," 347,518 ",,,,,,,,,,,,,,,,
05 May 2025,Mon," 257,610 "," 54,115 "," 9,982 "," 321,707 ",,,,,,,,,,,,,,,,
04 May 2025,Sun," 98,464 "," 14,699 "," 5,509 "," 118,672 ",,,,,,,,,,,,,,,,
03 May 2025,Sat," 122,835 "," 19,850 "," 6,698 "," 149,383 ",,,,,,,,,,,,,,,,
02 May 2025,Fri," 244,643 "," 50,987 "," 8,140 "," 303,770 ",,,,,,,,,,,,,,,,
01 May 2025,Thu," 261,330 "," 55,337 "," 8,246 "," 324,913 ",,,,,,,,,,,,,,,,
30 Apr 2025,Wed," 268,790 "," 58,539 "," 7,794 "," 335,123 ",,,,,,,,,,,,,,,,
29 Apr 2025,Tue," 271,087 "," 58,250 "," 9,083 "," 338,420 ",,,,,,,,,,,,,,,,
28 Apr 2025,Mon," 255,306 "," 51,994 "," 8,311 "," 315,611 ",,,,,,,,,,,,,,,,
27 Apr 2025,Sun," 69,523 "," 3,911 "," 2,086 "," 75,520 ",,,,,,,,,,,,,,,,
26 Apr 2025,Sat," 110,321 "," 5,873 "," 4,976 "," 121,170 ",,,,,,,,,,,,,,,,
25 Apr 2025,Fri," 92,786 "," 4,955 "," 4,912 "," 102,653 ",,,,,,,,,,,,,,,,
24 Apr 2025,Thu," 187,180 "," 11,313 "," 8,998 "," 207,491 ",,,,,,,,,,,,,,,,
23 Apr 2025,Wed," 192,240 "," 12,342 "," 9,456 "," 214,038 ",,,,,,,,,,,,,,,,
22 Apr 2025,Tue," 179,008 "," 11,723 "," 8,035 "," 198,766 ",,,,,,,,,,,,,,,,
21 Apr 2025,Mon," 86,580 "," 4,675 "," 3,874 "," 95,129 ",,,,,,,,,,,,,,,,
20 Apr 2025,Sun," 66,621 "," 3,319 "," 2,980 "," 72,920 ",,,,,,,,,,,,,,,,
19 Apr 2025,Sat," 98,041 "," 5,678 "," 3,364 "," 107,083 ",,,,,,,,,,,,,,,,
18 Apr 2025,Fri," 60,751 "," 3,298 "," 2,726 "," 66,775 ",,,,,,,,,,,,,,,,
17 Apr 2025,Thu," 125,880 "," 9,705 ", 384 ," 135,969 ",,,,,,,,,,,,,,,,
16 Apr 2025,Wed," 174,055 "," 12,054 "," 5,371 "," 191,480 ",,,,,,,,,,,,,,,,
15 Apr 2025,Tue," 213,368 "," 13,333 "," 10,596 "," 237,297 ",,,,,,,,,,,,,,,,
14 Apr 2025,Mon," 196,560 "," 12,764 "," 10,434 "," 219,758 ",,,,,,,,,,,,,,,,
13 Apr 2025,Sun," 104,905 "," 5,301 "," 5,665 "," 115,871 ",,,,,,,,,,,,,,,,
12 Apr 2025,Sat," 130,978 "," 7,461 "," 6,671 "," 145,110 ",,,,,,,,,,,,,,,,
11 Apr 2025,Fri," 251,224 "," 52,819 "," 8,836 "," 312,879 ",,,,,,,,,,,,,,,,
10 Apr 2025,Thu," 279,764 "," 62,879 "," 10,567 "," 353,210 ",,,,,,,,,,,,,,,,
09 Apr 2025,Wed," 282,956 "," 63,301 "," 10,156 "," 356,413 ",,,,,,,,,,,,,,,,
08 Apr 2025,Tue," 268,939 "," 60,731 "," 9,351 "," 339,021 ",,,,,,,,,,,,,,,,
07 Apr 2025,Mon," 265,827 "," 57,913 "," 9,314 "," 333,054 ",,,,,,,,,,,,,,,,
06 Apr 2025,Sun," 101,368 "," 14,643 "," 5,095 "," 121,106 ",,,,,,,,,,,,,,,,
05 Apr 2025,Sat," 130,064 "," 26,654 "," 6,681 "," 163,399 ",,,,,,,,,,,,,,,,
04 Apr 2025,Fri," 195,020 "," 41,735 "," 4,433 "," 241,188 ",,,,,,,,,,,,,,,,
03 Apr 2025,Thu," 253,903 "," 58,114 "," 7,488 "," 319,505 ",,,,,,,,,,,,,,,,
02 Apr 2025,Wed," 274,771 "," 63,252 "," 9,374 "," 347,397 ",,,,,,,,,,,,,,,,
01 Apr 2025,Tue," 281,759 "," 62,545 "," 10,523 "," 354,827 ",,,,,,,,,,,,,,,,
31 Mar 2025,Mon," 260,737 "," 57,996 "," 9,438 "," 328,171 ",,,,,,,,,,,,,,,,
30 Mar 2025,Sun," 100,433 "," 15,425 "," 6,228 "," 122,086 ",,,,,,,,,,,,,,,,
29 Mar 2025,Sat," 127,139 "," 22,808 "," 7,159 "," 157,106 ",,,,,,,,,,,,,,,,
28 Mar 2025,Fri," 262,628 "," 55,914 "," 9,638 "," 328,180 ",,,,,,,,,,,,,,,,
27 Mar 2025,Thu," 288,782 "," 63,393 "," 11,161 "," 363,336 ",,,,,,,,,,,,,,,,
26 Mar 2025,Wed," 290,909 "," 65,463 "," 11,028 "," 367,400 ",,,,,,,,,,,,,,,,
25 Mar 2025,Tue," 289,303 "," 64,765 "," 10,956 "," 365,024 ",,,,,,,,,,,,,,,,
24 Mar 2025,Mon," 269,431 "," 61,080 "," 10,718 "," 341,229 ",,,,,,,,,,,,,,,,
23 Mar 2025,Sun," 104,474 "," 16,335 "," 6,096 "," 126,905 ",,,,,,,,,,,,,,,,
22 Mar 2025,Sat," 132,685 "," 25,502 "," 7,805 "," 165,992 ",,,,,,,,,,,,,,,,
21 Mar 2025,Fri," 270,529 "," 59,496 "," 11,034 "," 341,059 ",,,,,,,,,,,,,,,,
20 Mar 2025,Thu," 291,403 "," 65,017 "," 11,442 "," 367,862 ",,,,,,,,,,,,,,,,
19 Mar 2025,Wed," 288,320 "," 65,680 "," 9,914 "," 363,914 ",,,,,,,,,,,,,,,,
18 Mar 2025,Tue," 284,507 "," 64,233 "," 10,042 "," 358,782 ",,,,,,,,,,,,,,,,
17 Mar 2025,Mon," 268,015 "," 58,535 "," 9,637 "," 336,187 ",,,,,,,,,,,,,,,,
16 Mar 2025,Sun," 111,805 "," 6,777 "," 6,404 "," 124,986 ",,,,,,,,,,,,,,,,
15 Mar 2025,Sat," 138,131 "," 8,801 "," 8,008 "," 154,940 ",,,,,,,,,,,,,,,,
14 Mar 2025,Fri," 271,574 "," 59,207 "," 11,074 "," 341,855 ",,,,,,,,,,,,,,,,
13 Mar 2025,Thu," 294,647 "," 65,817 "," 10,682 "," 371,146 ",,,,,,,,,,,,,,,,
12 Mar 2025,Wed," 292,419 "," 66,208 "," 10,052 "," 368,679 ",,,,,,,,,,,,,,,,
11 Mar 2025,Tue," 300,081 "," 66,155 "," 11,296 "," 377,532 ",,,,,,,,,,,,,,,,
10 Mar 2025,Mon," 276,949 "," 60,383 "," 10,474 "," 347,806 ",,,,,,,,,,,,,,,,
09 Mar 2025,Sun," 109,234 "," 17,069 "," 6,262 "," 132,565 ",,,,,,,,,,,,,,,,
08 Mar 2025,Sat," 134,177 "," 24,079 "," 7,875 "," 166,131 ",,,,,,,,,,,,,,,,
07 Mar 2025,Fri," 271,389 "," 59,047 "," 11,851 "," 342,287 ",,,,,,,,,,,,,,,,
06 Mar 2025,Thu," 294,758 "," 65,858 "," 11,889 "," 372,505 ",,,,,,,,,,,,,,,,
05 Mar 2025,Wed," 299,198 "," 67,816 "," 11,138 "," 378,152 ",,,,,,,,,,,,,,,,
04 Mar 2025,Tue," 295,011 "," 65,513 "," 10,729 "," 371,253 ",,,,,,,,,,,,,,,,
03 Mar 2025,Mon," 282,174 "," 61,283 "," 10,860 "," 354,317 ",,,,,,,,,,,,,,,,
02 Mar 2025,Sun," 111,020 "," 17,273 "," 6,647 "," 134,940 ",,,,,,,,,,,,,,,,
01 Mar 2025,Sat," 131,502 "," 26,177 "," 8,257 "," 165,936 ",,,,,,,,,,,,,,,,
28 Feb 2025,Fri," 254,481 "," 52,603 "," 11,055 "," 318,139 ",,,,,,,,,,,,,,,,
27 Feb 2025,Thu," 269,845 "," 57,777 "," 10,548 "," 338,170 ",,,,,,,,,,,,,,,,
26 Feb 2025,Wed," 274,790 "," 59,408 "," 11,310 "," 345,508 ",,,,,,,,,,,,,,,,
25 Feb 2025,Tue," 274,156 "," 58,271 "," 11,290 "," 343,717 ",,,,,,,,,,,,,,,,
24 Feb 2025,Mon," 252,051 "," 53,529 "," 10,082 "," 315,662 ",,,,,,,,,,,,,,,,
23 Feb 2025,Sun," 111,833 "," 14,071 "," 6,058 "," 131,962 ",,,,,,,,,,,,,,,,
22 Feb 2025,Sat," 134,749 "," 20,616 "," 7,839 "," 163,204 ",,,,,,,,,,,,,,,,
21 Feb 2025,Fri," 242,896 "," 50,041 "," 9,517 "," 302,454 ",,,,,,,,,,,,,,,,
20 Feb 2025,Thu," 262,361 "," 56,375 "," 10,809 "," 329,545 ",,,,,,,,,,,,,,,,
19 Feb 2025,Wed," 262,429 "," 56,668 "," 10,319 "," 329,416 ",,,,,,,,,,,,,,,,
18 Feb 2025,Tue," 262,237 "," 55,757 "," 10,347 "," 328,341 ",,,,,,,,,,,,,,,,
17 Feb 2025,Mon," 233,222 "," 49,135 "," 8,487 "," 290,844 ",,,,,,,,,,,,,,,,
16 Feb 2025,Sun," 99,003 "," 15,719 "," 4,560 "," 119,282 ",,,,,,,,,,,,,,,,
15 Feb 2025,Sat," 129,099 "," 28,628 "," 7,130 "," 164,857 ",,,,,,,,,,,,,,,,
14 Feb 2025,Fri," 247,078 "," 51,142 "," 11,108 "," 309,328 ",,,,,,,,,,,,,,,,
13 Feb 2025,Thu," 263,601 "," 55,336 "," 11,343 "," 330,280 ",,,,,,,,,,,,,,,,
12 Feb 2025,Wed," 265,511 "," 56,794 "," 11,221 "," 333,526 ",,,,,,,,,,,,,,,,
11 Feb 2025,Tue," 261,464 "," 54,718 "," 10,496 "," 326,678 ",,,,,,,,,,,,,,,,
10 Feb 2025,Mon," 241,772 "," 48,751 "," 9,511 "," 300,034 ",,,,,,,,,,,,,,,,
09 Feb 2025,Sun," 100,060 "," 14,168 "," 6,354 "," 120,582 ",,,,,,,,,,,,,,,,
08 Feb 2025,Sat," 121,589 "," 16,950 "," 7,779 "," 146,318 ",,,,,,,,,,,,,,,,
07 Feb 2025,Fri," 201,442 "," 39,200 "," 9,246 "," 249,888 ",,,,,,,,,,,,,,,,
06 Feb 2025,Thu," 109,722 "," 18,043 "," 7,281 "," 135,046 ",,,,,,,,,,,,,,,,
05 Feb 2025,Wed," 262,921 "," 53,668 "," 11,432 "," 328,021 ",,,,,,,,,,,,,,,,
04 Feb 2025,Tue," 256,440 "," 51,447 "," 11,515 "," 319,402 ",,,,,,,,,,,,,,,,
03 Feb 2025,Mon," 233,385 "," 44,512 "," 9,703 "," 287,600 ",,,,,,,,,,,,,,,,
02 Feb 2025,Sun," 99,938 "," 11,754 "," 6,169 "," 117,861 ",,,,,,,,,,,,,,,,
01 Feb 2025,Sat," 119,248 "," 17,206 "," 7,770 "," 144,224 ",,,,,,,,,,,,,,,,
31 Jan 2025,Fri," 220,654 "," 34,788 "," 11,261 "," 266,703 ",,,,,,,,,,,,,,,,
30 Jan 2025,Thu," 230,194 "," 37,450 "," 11,158 "," 278,802 ",,,,,,,,,,,,,,,,
29 Jan 2025,Wed," 218,396 "," 36,375 "," 11,113 "," 265,884 ",,,,,,,,,,,,,,,,
28 Jan 2025,Tue," 208,583 "," 32,667 "," 10,319 "," 251,569 ",,,,,,,,,,,,,,,,
27 Jan 2025,Mon," 95,744 "," 5,718 "," 6,137 "," 107,599 ",,,,,,,,,,,,,,,,
26 Jan 2025,Sun," 79,030 "," 4,641 "," 3,060 "," 86,731 ",,,,,,,,,,,,,,,,
25 Jan 2025,Sat," 113,587 "," 6,261 "," 6,609 "," 126,457 ",,,,,,,,,,,,,,,,
24 Jan 2025,Fri," 187,009 "," 11,853 "," 10,744 "," 209,606 ",,,,,,,,,,,,,,,,
23 Jan 2025,Thu," 205,521 "," 13,274 "," 11,847 "," 230,642 ",,,,,,,,,,,,,,,,
22 Jan 2025,Wed," 205,838 "," 13,463 "," 10,595 "," 229,896 ",,,,,,,,,,,,,,,,
21 Jan 2025,Tue," 168,746 "," 11,581 "," 5,899 "," 186,226 ",,,,,,,,,,,,,,,,
20 Jan 2025,Mon," 179,512 "," 12,394 "," 8,757 "," 200,663 ",,,,,,,,,,,,,,,,
19 Jan 2025,Sun," 99,195 "," 4,949 "," 6,063 "," 110,207 ",,,,,,,,,,,,,,,,
18 Jan 2025,Sat," 121,643 "," 7,544 "," 9,365 "," 138,552 ",,,,,,,,,,,,,,,,
17 Jan 2025,Fri," 176,053 "," 11,312 "," 8,905 "," 196,270 ",,,,,,,,,,,,,,,,
16 Jan 2025,Thu," 195,712 "," 12,751 "," 11,829 "," 220,292 ",,,,,,,,,,,,,,,,
15 Jan 2025,Wed," 193,853 "," 12,815 "," 11,217 "," 217,885 ",,,,,,,,,,,,,,,,
14 Jan 2025,Tue," 192,845 "," 13,037 "," 11,488 "," 217,370 ",,,,,,,,,,,,,,,,
13 Jan 2025,Mon," 174,400 "," 11,693 "," 9,783 "," 195,876 ",,,,,,,,,,,,,,,,
12 Jan 2025,Sun," 94,555 "," 4,546 "," 6,069 "," 105,170 ",,,,,,,,,,,,,,,,
11 Jan 2025,Sat," 112,113 "," 6,169 "," 8,542 "," 126,824 ",,,,,,,,,,,,,,,,
10 Jan 2025,Fri," 151,933 "," 9,347 "," 9,394 "," 170,674 ",,,,,,,,,,,,,,,,
09 Jan 2025,Thu," 161,373 "," 10,086 "," 10,279 "," 181,738 ",,,,,,,,,,,,,,,,
08 Jan 2025,Wed," 155,081 "," 9,526 "," 8,477 "," 173,084 ",,,,,,,,,,,,,,,,
07 Jan 2025,Tue," 155,738 "," 9,365 "," 9,081 "," 174,184 ",,,,,,,,,,,,,,,,
06 Jan 2025,Mon," 145,092 "," 7,796 "," 7,858 "," 160,746 ",,,,,,,,,,,,,,,,
05 Jan 2025,Sun," 89,371 "," 4,746 "," 5,972 "," 100,089 ",,,,,,,,,,,,,,,,
04 Jan 2025,Sat," 96,857 "," 5,473 "," 5,921 "," 108,251 ",,,,,,,,,,,,,,,,
03 Jan 2025,Fri," 104,543 "," 6,487 "," 6,677 "," 117,707 ",,,,,,,,,,,,,,,,
02 Jan 2025,Thu," 83,441 "," 4,771 "," 6,174 "," 94,386 ",,,,,,,,,,,,,,,,
01 Jan 2025,Wed," 72,786 "," 4,445 "," 6,028 "," 83,259 ",,,,,,,,,,,,,,,,
31 Dec 2024,Tue," 115,312 "," 6,643 "," 6,951 "," 128,906 ",,,,,,,,,,,,,,,,
30 Dec 2024,Mon," 104,619 "," 6,245 "," 7,101 "," 117,965 ",,,,,,,,,,,,,,,,
29 Dec 2024,Sun," 89,633 "," 4,694 "," 7,298 "," 101,625 ",,,,,,,,,,,,,,,,
28 Dec 2024,Sat," 99,754 "," 5,606 "," 6,961 "," 112,321 ",,,,,,,,,,,,,,,,
27 Dec 2024,Fri," 103,285 "," 6,251 "," 6,283 "," 115,819 ",,,,,,,,,,,,,,,,
26 Dec 2024,Thu," 85,289 "," 18,700 "," 5,235 "," 109,224 ",,,,,,,,,,,,,,,,
25 Dec 2024,Wed," 39,311 "," 4,655 "," 3,760 "," 47,726 ",,,,,,,,,,,,,,,,
24 Dec 2024,Tue," 109,929 "," 21,876 "," 6,267 "," 138,072 ",,,,,,,,,,,,,,,,
23 Dec 2024,Mon," 122,221 "," 25,890 "," 7,234 "," 155,345 ",,,,,,,,,,,,,,,,
22 Dec 2024,Sun," 94,635 "," 15,510 "," 5,640 "," 115,785 ",,,,,,,,,,,,,,,,
21 Dec 2024,Sat," 106,269 "," 21,257 "," 5,099 "," 132,625 ",,,,,,,,,,,,,,,,
20 Dec 2024,Fri," 174,047 "," 41,459 "," 10,584 "," 226,090 ",,,,,,,,,,,,,,,,
19 Dec 2024,Thu," 196,289 "," 47,048 "," 11,826 "," 255,163 ",,,,,,,,,,,,,,,,
18 Dec 2024,Wed," 200,125 "," 48,026 "," 10,758 "," 258,909 ",,,,,,,,,,,,,,,,
17 Dec 2024,Tue," 203,267 "," 47,208 "," 10,961 "," 261,436 ",,,,,,,,,,,,,,,,
16 Dec 2024,Mon," 159,371 "," 37,765 "," 7,426 "," 204,562 ",,,,,,,,,,,,,,,,
15 Dec 2024,Sun," 98,079 "," 14,730 "," 6,216 "," 119,025 ",,,,,,,,,,,,,,,,
14 Dec 2024,Sat," 123,975 "," 26,629 "," 7,562 "," 158,166 ",,,,,,,,,,,,,,,,
13 Dec 2024,Fri," 198,231 "," 44,426 "," 11,158 "," 253,815 ",,,,,,,,,,,,,,,,
12 Dec 2024,Thu," 196,952 "," 45,783 "," 8,709 "," 251,444 ",,,,,,,,,,,,,,,,
11 Dec 2024,Wed," 219,177 "," 50,344 "," 10,723 "," 280,244 ",,,,,,,,,,,,,,,,
10 Dec 2024,Tue," 220,261 "," 48,882 "," 10,050 "," 279,193 ",,,,,,,,,,,,,,,,
09 Dec 2024,Mon," 200,207 "," 44,205 "," 8,176 "," 252,588 ",,,,,,,,,,,,,,,,
08 Dec 2024,Sun," 97,574 "," 15,697 "," 5,753 "," 119,024 ",,,,,,,,,,,,,,,,
07 Dec 2024,Sat," 124,920 "," 27,341 "," 7,789 "," 160,050 ",,,,,,,,,,,,,,,,
06 Dec 2024,Fri," 213,557 "," 46,821 "," 10,693 "," 271,071 ",,,,,,,,,,,,,,,,
05 Dec 2024,Thu," 236,561 "," 52,344 "," 10,884 "," 299,789 ",,,,,,,,,,,,,,,,
04 Dec 2024,Wed," 240,619 "," 51,864 "," 11,063 "," 303,546 ",,,,,,,,,,,,,,,,
03 Dec 2024,Tue," 240,162 "," 51,774 "," 11,135 "," 303,071 ",,,,,,,,,,,,,,,,
02 Dec 2024,Mon," 221,362 "," 47,953 "," 10,019 "," 279,334 ",,,,,,,,,,,,,,,,
01 Dec 2024,Sun," 98,124 "," 8,328 "," 4,561 "," 111,013 ",,,,,,,,,,,,,,,,
30 Nov 2024,Sat," 108,073 "," 7,218 "," 4,261 "," 119,552 ",,,,,,,,,,,,,,,,
29 Nov 2024,Fri," 224,047 "," 50,197 "," 10,130 "," 284,374 ",,,,,,,,,,,,,,,,
28 Nov 2024,Thu," 238,871 "," 54,012 "," 10,398 "," 303,281 ",,,,,,,,,,,,,,,,
27 Nov 2024,Wed," 238,646 "," 54,201 "," 9,962 "," 302,809 ",,,,,,,,,,,,,,,,
26 Nov 2024,Tue," 231,811 "," 52,939 "," 10,022 "," 294,772 ",,,,,,,,,,,,,,,,
25 Nov 2024,Mon," 220,822 "," 48,500 "," 9,811 "," 279,133 ",,,,,,,,,,,,,,,,
24 Nov 2024,Sun," 108,448 "," 35,843 "," 8,304 "," 152,595 ",,,,,,,,,,,,,,,,
23 Nov 2024,Sat," 118,409 "," 19,279 "," 6,384 "," 144,072 ",,,,,,,,,,,,,,,,
22 Nov 2024,Fri," 223,516 "," 48,394 "," 9,663 "," 281,573 ",,,,,,,,,,,,,,,,
21 Nov 2024,Thu," 236,947 "," 54,418 "," 9,628 "," 300,993 ",,,,,,,,,,,,,,,,
20 Nov 2024,Wed," 240,216 "," 54,910 "," 9,691 "," 304,817 ",,,,,,,,,,,,,,,,
19 Nov 2024,Tue," 247,276 "," 56,083 "," 10,884 "," 314,243 ",,,,,,,,,,,,,,,,
18 Nov 2024,Mon," 224,953 "," 51,295 "," 9,746 "," 285,994 ",,,,,,,,,,,,,,,,
17 Nov 2024,Sun," 99,957 "," 18,024 "," 5,422 "," 123,403 ",,,,,,,,,,,,,,,,
16 Nov 2024,Sat," 125,782 "," 25,981 "," 7,396 "," 159,159 ",,,,,,,,,,,,,,,,
15 Nov 2024,Fri," 177,305 "," 45,135 "," 6,820 "," 229,260 ",,,,,,,,,,,,,,,,
14 Nov 2024,Thu," 237,874 "," 58,336 "," 9,632 "," 305,842 ",,,,,,,,,,,,,,,,
13 Nov 2024,Wed," 241,008 "," 59,602 "," 10,897 "," 311,507 ",,,,,,,,,,,,,,,,
12 Nov 2024,Tue," 251,003 "," 57,803 "," 10,817 "," 319,623 ",,,,,,,,,,,,,,,,
11 Nov 2024,Mon," 218,171 "," 49,485 "," 8,552 "," 276,208 ",,,,,,,,,,,,,,,,
10 Nov 2024,Sun," 97,417 "," 15,748 "," 4,920 "," 118,085 ",,,,,,,,,,,,,,,,
09 Nov 2024,Sat," 120,835 "," 21,472 "," 7,177 "," 149,484 ",,,,,,,,,,,,,,,,
08 Nov 2024,Fri," 226,966 "," 49,915 "," 9,701 "," 286,582 ",,,,,,,,,,,,,,,,
07 Nov 2024,Thu," 243,627 "," 55,718 "," 10,154 "," 309,499 ",,,,,,,,,,,,,,,,
06 Nov 2024,Wed," 240,422 "," 54,441 "," 9,303 "," 304,166 ",,,,,,,,,,,,,,,,
05 Nov 2024,Tue," 247,530 "," 55,498 "," 9,740 "," 312,768 ",,,,,,,,,,,,,,,,
04 Nov 2024,Mon," 222,588 "," 49,313 "," 8,851 "," 280,752 ",,,,,,,,,,,,,,,,
03 Nov 2024,Sun," 93,739 "," 14,402 "," 5,556 "," 113,697 ",,,,,,,,,,,,,,,,
02 Nov 2024,Sat," 113,387 "," 20,529 "," 5,987 "," 139,903 ",,,,,,,,,,,,,,,,
01 Nov 2024,Fri," 226,561 "," 45,063 "," 8,955 "," 280,579 ",,,,,,,,,,,,,,,,
31 Oct 2024,Thu," 248,364 "," 54,049 "," 9,589 "," 312,002 ",,,,,,,,,,,,,,,,
30 Oct 2024,Wed," 245,417 "," 57,391 "," 8,617 "," 311,425 ",,,,,,,,,,,,,,,,
29 Oct 2024,Tue," 238,978 "," 54,119 "," 8,520 "," 301,617 ",,,,,,,,,,,,,,,,
28 Oct 2024,Mon," 85,328 "," 4,580 "," 4,163 "," 94,071 ",,,,,,,,,,,,,,,,
27 Oct 2024,Sun," 106,489 "," 6,150 "," 5,646 "," 118,285 ",,,,,,,,,,,,,,,,
26 Oct 2024,Sat," 106,206 "," 6,535 "," 3,207 "," 115,948 ",,,,,,,,,,,,,,,,
25 Oct 2024,Fri," 224,217 "," 47,716 "," 8,142 "," 280,075 ",,,,,,,,,,,,,,,,
24 Oct 2024,Thu," 253,380 "," 55,958 "," 9,225 "," 318,563 ",,,,,,,,,,,,,,,,
23 Oct 2024,Wed," 251,141 "," 55,645 "," 8,821 "," 315,607 ",,,,,,,,,,,,,,,,
22 Oct 2024,Tue," 253,199 "," 54,088 "," 9,234 "," 316,521 ",,,,,,,,,,,,,,,,
21 Oct 2024,Mon," 229,617 "," 49,770 "," 8,161 "," 287,548 ",,,,,,,,,,,,,,,,
20 Oct 2024,Sun," 101,247 "," 18,374 "," 4,643 "," 124,264 ",,,,,,,,,,,,,,,,
19 Oct 2024,Sat," 123,081 "," 27,755 "," 6,664 "," 157,500 ",,,,,,,,,,,,,,,,
18 Oct 2024,Fri," 238,435 "," 50,749 "," 8,481 "," 297,665 ",,,,,,,,,,,,,,,,
17 Oct 2024,Thu," 258,675 "," 57,676 "," 8,997 "," 325,348 ",,,,,,,,,,,,,,,,
16 Oct 2024,Wed," 260,176 "," 58,903 "," 8,996 "," 328,075 ",,,,,,,,,,,,,,,,
15 Oct 2024,Tue," 256,910 "," 57,154 "," 8,773 "," 322,837 ",,,,,,,,,,,,,,,,
14 Oct 2024,Mon," 241,993 "," 51,899 "," 7,789 "," 301,681 ",,,,,,,,,,,,,,,,
13 Oct 2024,Sun," 87,137 "," 10,040 "," 3,106 "," 100,283 ",,,,,,,,,,,,,,,,
12 Oct 2024,Sat," 113,548 "," 15,466 "," 5,408 "," 134,422 ",,,,,,,,,,,,,,,,
11 Oct 2024,Fri," 187,825 "," 45,723 "," 9,019 "," 242,567 ",,,,,,,,,,,,,,,,
10 Oct 2024,Thu," 214,204 "," 53,116 "," 10,405 "," 277,725 ",,,,,,,,,,,,,,,,
09 Oct 2024,Wed," 201,596 "," 51,168 "," 8,603 "," 261,367 ",,,,,,,,,,,,,,,,
08 Oct 2024,Tue," 216,389 "," 53,656 "," 11,030 "," 281,075 ",,,,,,,,,,,,,,,,
07 Oct 2024,Mon," 177,011 "," 42,851 "," 7,462 "," 227,324 ",,,,,,,,,,,,,,,,
06 Oct 2024,Sun," 89,842 "," 6,550 "," 3,900 "," 100,292 ",,,,,,,,,,,,,,,,
05 Oct 2024,Sat," 86,656 "," 9,206 "," 4,774 "," 100,636 ",,,,,,,,,,,,,,,,
04 Oct 2024,Fri," 190,750 "," 46,005 "," 10,437 "," 247,192 ",,,,,,,,,,,,,,,,
03 Oct 2024,Thu," 203,043 "," 49,894 "," 8,868 "," 261,805 ",,,,,,,,,,,,,,,,
02 Oct 2024,Wed," 196,819 "," 48,843 "," 7,304 "," 252,966 ",,,,,,,,,,,,,,,,
01 Oct 2024,Tue," 209,439 "," 50,285 "," 9,842 "," 269,566 ",,,,,,,,,,,,,,,,
30 Sep 2024,Mon," 192,581 "," 43,912 "," 8,942 "," 245,435 ",,,,,,,,,,,,,,,,
29 Sep 2024,Sun," 94,155 "," 5,545 "," 3,550 "," 103,250 ",,,,,,,,,,,,,,,,
28 Sep 2024,Sat," 124,839 "," 7,697 "," 6,122 "," 138,658 ",,,,,,,,,,,,,,,,
27 Sep 2024,Fri," 224,054 "," 47,558 "," 6,752 "," 278,364 ",,,,,,,,,,,,,,,,
26 Sep 2024,Thu," 259,006 "," 57,598 "," 8,635 "," 325,239 ",,,,,,,,,,,,,,,,
25 Sep 2024,Wed," 264,153 "," 58,550 "," 8,878 "," 331,581 ",,,,,,,,,,,,,,,,
24 Sep 2024,Tue," 263,012 "," 58,193 "," 8,528 "," 329,733 ",,,,,,,,,,,,,,,,
23 Sep 2024,Mon," 242,218 "," 54,114 "," 8,036 "," 304,368 ",,,,,,,,,,,,,,,,
22 Sep 2024,Sun," 98,095 "," 11,413 "," 4,518 "," 114,026 ",,,,,,,,,,,,,,,,
21 Sep 2024,Sat," 122,794 "," 21,168 "," 6,174 "," 150,136 ",,,,,,,,,,,,,,,,
20 Sep 2024,Fri," 210,665 "," 46,352 "," 6,632 "," 263,649 ",,,,,,,,,,,,,,,,
19 Sep 2024,Thu," 253,887 "," 55,549 "," 8,077 "," 317,513 ",,,,,,,,,,,,,,,,
18 Sep 2024,Wed," 256,909 "," 58,013 "," 8,088 "," 323,010 ",,,,,,,,,,,,,,,,
17 Sep 2024,Tue," 233,974 "," 53,046 "," 6,858 "," 293,878 ",,,,,,,,,,,,,,,,
16 Sep 2024,Mon," 237,197 "," 52,938 "," 7,390 "," 297,525 ",,,,,,,,,,,,,,,,
15 Sep 2024,Sun," 98,976 "," 8,208 "," 3,745 "," 110,929 ",,,,,,,,,,,,,,,,
14 Sep 2024,Sat," 109,806 "," 11,903 "," 3,829 "," 125,538 ",,,,,,,,,,,,,,,,
13 Sep 2024,Fri," 236,840 "," 47,976 "," 7,752 "," 292,568 ",,,,,,,,,,,,,,,,
12 Sep 2024,Thu," 252,395 "," 57,793 "," 8,771 "," 318,959 ",,,,,,,,,,,,,,,,
11 Sep 2024,Wed," 256,185 "," 58,080 "," 8,594 "," 322,859 ",,,,,,,,,,,,,,,,
10 Sep 2024,Tue," 253,505 "," 57,791 "," 8,572 "," 319,868 ",,,,,,,,,,,,,,,,
09 Sep 2024,Mon," 234,905 "," 52,129 "," 7,860 "," 294,894 ",,,,,,,,,,,,,,,,
08 Sep 2024,Sun," 96,672 "," 5,195 "," 4,226 "," 106,093 ",,,,,,,,,,,,,,,,
07 Sep 2024,Sat," 115,307 "," 7,318 "," 4,683 "," 127,308 ",,,,,,,,,,,,,,,,
06 Sep 2024,Fri," 217,070 "," 47,483 "," 7,184 "," 271,737 ",,,,,,,,,,,,,,,,
05 Sep 2024,Thu," 245,008 "," 55,770 "," 8,902 "," 309,680 ",,,,,,,,,,,,,,,,
04 Sep 2024,Wed," 252,858 "," 43,181 "," 7,619 "," 303,658 ",,,,,,,,,,,,,,,,
03 Sep 2024,Tue," 237,419 "," 53,550 "," 7,611 "," 298,580 ",,,,,,,,,,,,,,,,
02 Sep 2024,Mon," 222,086 "," 49,761 "," 7,030 "," 278,877 ",,,,,,,,,,,,,,,,
01 Sep 2024,Sun," 93,804 "," 14,072 "," 5,344 "," 113,220 ",,,,,,,,,,,,,,,,
31 Aug 2024,Sat," 94,102 "," 15,843 "," 3,252 "," 113,197 ",,,,,,,,,,,,,,,,
30 Aug 2024,Fri," 233,472 "," 50,059 "," 8,164 "," 291,695 ",,,,,,,,,,,,,,,,
29 Aug 2024,Thu," 244,286 "," 49,374 "," 7,491 "," 301,151 ",,,,,,,,,,,,,,,,
28 Aug 2024,Wed," 248,316 "," 57,318 "," 8,142 "," 313,776 ",,,,,,,,,,,,,,,,
27 Aug 2024,Tue," 230,597 "," 51,888 "," 7,199 "," 289,684 ",,,,,,,,,,,,,,,,
26 Aug 2024,Mon," 227,708 "," 51,006 "," 7,423 "," 286,137 ",,,,,,,,,,,,,,,,
25 Aug 2024,Sun," 97,182 "," 11,364 "," 4,556 "," 113,102 ",,,,,,,,,,,,,,,,
24 Aug 2024,Sat," 119,065 "," 18,162 "," 4,473 "," 141,700 ",,,,,,,,,,,,,,,,
23 Aug 2024,Fri," 236,831 "," 52,567 "," 7,749 "," 297,147 ",,,,,,,,,,,,,,,,
22 Aug 2024,Thu," 260,210 "," 59,551 "," 8,793 "," 328,554 ",,,,,,,,,,,,,,,,
21 Aug 2024,Wed," 261,470 "," 59,596 "," 8,172 "," 329,238 ",,,,,,,,,,,,,,,,
20 Aug 2024,Tue," 255,270 "," 57,785 "," 7,771 "," 320,826 ",,,,,,,,,,,,,,,,
19 Aug 2024,Mon," 227,404 "," 50,544 "," 6,333 "," 284,281 ",,,,,,,,,,,,,,,,
18 Aug 2024,Sun," 80,385 "," 11,722 "," 2,436 "," 94,543 ",,,,,,,,,,,,,,,,
17 Aug 2024,Sat," 93,692 "," 16,411 "," 3,378 "," 113,481 ",,,,,,,,,,,,,,,,
16 Aug 2024,Fri," 241,403 "," 51,588 "," 7,764 "," 300,755 ",,,,,,,,,,,,,,,,
15 Aug 2024,Thu," 261,618 "," 59,024 "," 8,836 "," 329,478 ",,,,,,,,,,,,,,,,
14 Aug 2024,Wed," 267,102 "," 60,631 "," 8,905 "," 336,638 ",,,,,,,,,,,,,,,,
13 Aug 2024,Tue," 265,164 "," 59,426 "," 8,687 "," 333,277 ",,,,,,,,,,,,,,,,
12 Aug 2024,Mon," 239,122 "," 52,889 "," 7,253 "," 299,264 ",,,,,,,,,,,,,,,,
11 Aug 2024,Sun," 99,708 "," 5,205 "," 4,771 "," 109,684 ",,,,,,,,,,,,,,,,
10 Aug 2024,Sat," 124,913 "," 7,199 "," 6,301 "," 138,413 ",,,,,,,,,,,,,,,,
09 Aug 2024,Fri," 241,405 "," 53,031 "," 7,956 "," 302,392 ",,,,,,,,,,,,,,,,
08 Aug 2024,Thu," 259,067 "," 58,419 "," 8,060 "," 325,546 ",,,,,,,,,,,,,,,,
07 Aug 2024,Wed," 265,810 "," 60,699 "," 8,769 "," 335,278 ",,,,,,,,,,,,,,,,
06 Aug 2024,Tue," 264,993 "," 59,051 "," 8,906 "," 332,950 ",,,,,,,,,,,,,,,,
05 Aug 2024,Mon," 244,557 "," 54,710 "," 7,804 "," 307,071 ",,,,,,,,,,,,,,,,
04 Aug 2024,Sun," 95,556 "," 5,231 "," 3,798 "," 104,585 ",,,,,,,,,,,,,,,,
03 Aug 2024,Sat," 123,662 "," 7,681 "," 5,604 "," 136,947 ",,,,,,,,,,,,,,,,
02 Aug 2024,Fri," 243,238 "," 54,216 "," 7,631 "," 305,085 ",,,,,,,,,,,,,,,,
01 Aug 2024,Thu," 262,532 "," 59,644 "," 7,987 "," 330,163 ",,,,,,,,,,,,,,,,
31 Jul 2024,Wed," 266,756 "," 60,562 "," 7,991 "," 335,309 ",,,,,,,,,,,,,,,,
30 Jul 2024,Tue," 258,067 "," 57,390 "," 7,618 "," 323,075 ",,,,,,,,,,,,,,,,
29 Jul 2024,Mon," 239,011 "," 53,524 "," 6,955 "," 299,490 ",,,,,,,,,,,,,,,,
28 Jul 2024,Sun," 98,354 "," 11,702 "," 4,551 "," 114,607 ",,,,,,,,,,,,,,,,
27 Jul 2024,Sat," 122,152 "," 16,190 "," 5,862 "," 144,204 ",,,,,,,,,,,,,,,,
26 Jul 2024,Fri," 248,363 "," 54,984 "," 8,336 "," 311,683 ",,,,,,,,,,,,,,,,
25 Jul 2024,Thu," 266,001 "," 59,225 "," 8,509 "," 333,735 ",,,,,,,,,,,,,,,,
24 Jul 2024,Wed," 266,713 "," 60,109 "," 8,520 "," 335,342 ",,,,,,,,,,,,,,,,
23 Jul 2024,Tue," 264,216 "," 58,698 "," 8,450 "," 331,364 ",,,,,,,,,,,,,,,,
22 Jul 2024,Mon," 242,654 "," 53,079 "," 7,046 "," 302,779 ",,,,,,,,,,,,,,,,
21 Jul 2024,Sun," 82,576 "," 4,680 "," 2,772 "," 90,028 ",,,,,,,,,,,,,,,,
20 Jul 2024,Sat," 102,816 "," 6,325 "," 3,348 "," 112,489 ",,,,,,,,,,,,,,,,
19 Jul 2024,Fri," 173,382 "," 40,125 "," 6,178 "," 219,685 ",,,,,,,,,,,,,,,,
18 Jul 2024,Thu," 215,360 "," 54,185 "," 8,232 "," 277,777 ",,,,,,,,,,,,,,,,
17 Jul 2024,Wed," 193,515 "," 48,333 "," 7,022 "," 248,870 ",,,,,,,,,,,,,,,,
16 Jul 2024,Tue," 210,519 "," 51,945 "," 7,854 "," 270,318 ",,,,,,,,,,,,,,,,
15 Jul 2024,Mon," 153,644 "," 38,879 "," 4,589 "," 197,112 ",,,,,,,,,,,,,,,,
14 Jul 2024,Sun," 84,350 "," 14,003 "," 4,038 "," 102,391 ",,,,,,,,,,,,,,,,
13 Jul 2024,Sat," 109,475 "," 21,437 "," 7,392 "," 138,304 ",,,,,,,,,,,,,,,,
12 Jul 2024,Fri," 166,927 "," 40,309 "," 8,834 "," 216,070 ",,,,,,,,,,,,,,,,
11 Jul 2024,Thu," 183,430 "," 46,321 "," 9,339 "," 239,090 ",,,,,,,,,,,,,,,,
10 Jul 2024,Wed," 188,632 "," 47,109 "," 9,545 "," 245,286 ",,,,,,,,,,,,,,,,
09 Jul 2024,Tue," 183,312 "," 45,391 "," 8,905 "," 237,608 ",,,,,,,,,,,,,,,,
08 Jul 2024,Mon," 168,598 "," 40,786 "," 8,201 "," 217,585 ",,,,,,,,,,,,,,,,
07 Jul 2024,Sun," 85,823 "," 11,151 "," 3,272 "," 100,246 ",,,,,,,,,,,,,,,,
06 Jul 2024,Sat," 98,034 "," 16,993 "," 4,175 "," 119,202 ",,,,,,,,,,,,,,,,
05 Jul 2024,Fri," 207,022 "," 43,939 "," 7,809 "," 258,770 ",,,,,,,,,,,,,,,,
04 Jul 2024,Thu," 236,683 "," 38,534 "," 8,490 "," 283,707 ",,,,,,,,,,,,,,,,
03 Jul 2024,Wed," 233,569 "," 44,722 "," 7,958 "," 286,249 ",,,,,,,,,,,,,,,,
02 Jul 2024,Tue," 222,155 "," 49,200 "," 7,624 "," 278,979 ",,,,,,,,,,,,,,,,
01 Jul 2024,Mon," 203,725 "," 44,601 "," 6,671 "," 254,997 ",,,,,,,,,,,,,,,,