,Daily patronage by mode,,,,
,,,,,
,"• Patronage counts include HOP, contactless payments, and train line-to-line transfers.",,,,
,• Patronage counts include manual counts from replacement routes and data losses.,,,,
,"• Patronage counts exclude special events, and group travel on trains.",,,,
,,,,,
Date,Day,Bus,Train,Ferry,Grand Total
30 Jun 2024,Sun," 89,127 "," 4,758 "," 3,913 "," 97,798 "
29 Jun 2024,Sat," 107,732 "," 6,311 "," 5,164 "," 119,207 "
28 Jun 2024,Fri," 103,905 "," 5,760 "," 6,155 "," 115,820 "
27 Jun 2024,Thu," 230,160 "," 49,988 "," 8,391 "," 288,539 "
26 Jun 2024,Wed," 235,995 "," 48,927 "," 7,598 "," 292,520 "
25 Jun 2024,Tue," 232,619 "," 50,317 "," 7,926 "," 290,862 "
24 Jun 2024,Mon," 212,694 "," 46,705 "," 6,541 "," 265,940 "
23 Jun 2024,Sun," 83,196 "," 12,486 "," 3,321 "," 99,003 "
22 Jun 2024,Sat," 110,533 "," 19,946 "," 5,647 "," 136,126 "
21 Jun 2024,Fri," 222,284 "," 45,707 "," 7,514 "," 275,505 "
20 Jun 2024,Thu," 238,115 "," 49,951 "," 8,226 "," 296,292 "
19 Jun 2024,Wed," 246,072 "," 40,365 "," 7,875 "," 294,312 "
18 Jun 2024,Tue," 240,724 "," 49,995 "," 8,182 "," 298,901 "
17 Jun 2024,Mon," 219,551 "," 46,579 "," 6,844 "," 272,974 "
16 Jun 2024,Sun," 93,388 "," 5,641 "," 3,639 "," 102,668 "
15 Jun 2024,Sat," 112,956 "," 20,118 "," 4,697 "," 137,771 "
14 Jun 2024,Fri," 201,119 "," 40,566 "," 5,873 "," 247,558 "
13 Jun 2024,Thu," 239,061 "," 51,374 "," 7,832 "," 298,267 "
12 Jun 2024,Wed," 242,892 "," 53,951 "," 8,018 "," 304,861 "
11 Jun 2024,Tue," 240,120 "," 50,330 "," 8,047 "," 298,497 "
10 Jun 2024,Mon," 223,713 "," 44,125 "," 7,221 "," 275,059 "
09 Jun 2024,Sun," 73,947 "," 11,192 "," 2,321 "," 87,460 "
08 Jun 2024,Sat," 112,433 "," 20,112 "," 5,877 "," 138,422 "
07 Jun 2024,Fri," 232,050 "," 38,595 "," 7,313 "," 277,958 "
06 Jun 2024,Thu," 247,801 "," 50,271 "," 7,900 "," 305,972 "
05 Jun 2024,Wed," 248,288 "," 50,063 "," 7,874 "," 306,225 "
04 Jun 2024,Tue," 239,905 "," 46,510 "," 8,171 "," 294,586 "
03 Jun 2024,Mon," 87,491 "," 4,770 "," 4,819 "," 97,080 "
02 Jun 2024,Sun," 95,231 "," 5,287 "," 4,844 "," 105,362 "
01 Jun 2024,Sat," 118,584 "," 7,120 "," 5,620 "," 131,324 "
31 May 2024,Fri," 212,910 "," 50,183 "," 7,934 "," 271,027 "
30 May 2024,Thu," 242,299 "," 54,744 "," 7,400 "," 304,443 "
29 May 2024,Wed," 226,840 "," 54,126 "," 6,116 "," 287,082 "
28 May 2024,Tue," 251,683 "," 58,977 "," 7,933 "," 318,593 "
27 May 2024,Mon," 234,068 "," 53,694 "," 7,298 "," 295,060 "
26 May 2024,Sun," 80,997 "," 14,070 "," 2,898 "," 97,965 "
25 May 2024,Sat," 110,156 "," 19,421 "," 5,161 "," 134,738 "
24 May 2024,Fri," 234,544 "," 54,278 "," 7,604 "," 296,426 "
23 May 2024,Thu," 261,961 "," 60,830 "," 8,952 "," 331,743 "
22 May 2024,Wed," 265,177 "," 62,252 "," 8,773 "," 336,202 "
21 May 2024,Tue," 247,524 "," 57,573 "," 7,604 "," 312,701 "
20 May 2024,Mon," 236,144 "," 54,079 "," 7,503 "," 297,726 "
19 May 2024,Sun," 98,410 "," 8,787 "," 4,996 "," 112,193 "
18 May 2024,Sat," 122,619 "," 12,349 "," 6,245 "," 141,213 "
17 May 2024,Fri," 222,256 "," 54,369 "," 8,548 "," 285,173 "
16 May 2024,Thu," 237,028 "," 58,778 "," 7,768 "," 303,574 "
15 May 2024,Wed," 252,820 "," 58,450 "," 7,289 "," 318,559 "
14 May 2024,Tue," 261,826 "," 61,018 "," 8,576 "," 331,420 "
13 May 2024,Mon," 244,286 "," 54,833 "," 7,950 "," 307,069 "
12 May 2024,Sun," 89,000 "," 12,801 "," 5,256 "," 107,057 "
11 May 2024,Sat," 120,394 "," 21,673 "," 6,514 "," 148,581 "
10 May 2024,Fri," 225,633 "," 54,327 "," 8,375 "," 288,335 "
09 May 2024,Thu," 274,269 "," 59,643 "," 9,806 "," 343,718 "
08 May 2024,Wed," 274,366 "," 63,101 "," 9,370 "," 346,837 "
07 May 2024,Tue," 273,492 "," 63,629 "," 9,087 "," 346,208 "
06 May 2024,Mon," 247,688 "," 56,533 "," 7,898 "," 312,119 "
05 May 2024,Sun," 99,709 "," 7,667 "," 4,879 "," 112,255 "
04 May 2024,Sat," 123,385 "," 10,388 "," 6,248 "," 140,021 "
03 May 2024,Fri," 250,664 "," 55,194 "," 8,579 "," 314,437 "
02 May 2024,Thu," 266,632 "," 61,317 "," 8,601 "," 336,550 "
01 May 2024,Wed," 279,563 "," 64,846 "," 9,435 "," 353,844 "
30 Apr 2024,Tue," 285,934 "," 64,579 "," 9,943 "," 360,456 "
29 Apr 2024,Mon," 262,440 "," 57,695 "," 8,604 "," 328,739 "
28 Apr 2024,Sun," 100,681 "," 7,051 "," 5,356 "," 113,088 "
27 Apr 2024,Sat," 122,869 "," 10,117 "," 6,690 "," 139,676 "
26 Apr 2024,Fri," 183,227 "," 32,939 "," 8,468 "," 224,634 "
25 Apr 2024,Thu," 92,611 "," 15,258 "," 4,987 "," 112,856 "
24 Apr 2024,Wed," 227,889 "," 56,062 "," 11,810 "," 295,761 "
23 Apr 2024,Tue," 226,175 "," 54,661 "," 11,171 "," 292,007 "
22 Apr 2024,Mon," 199,423 "," 47,601 "," 9,134 "," 256,158 "
21 Apr 2024,Sun," 93,001 "," 10,030 "," 3,803 "," 106,834 "
20 Apr 2024,Sat," 84,563 "," 11,700 "," 2,951 "," 99,214 "
19 Apr 2024,Fri," 203,104 "," 41,795 "," 9,187 "," 254,086 "
18 Apr 2024,Thu," 222,748 "," 53,813 "," 10,748 "," 287,309 "
17 Apr 2024,Wed," 225,807 "," 55,017 "," 10,782 "," 291,606 "
16 Apr 2024,Tue," 224,270 "," 55,135 "," 11,518 "," 290,923 "
15 Apr 2024,Mon," 207,239 "," 50,065 "," 10,086 "," 267,390 "
14 Apr 2024,Sun," 99,744 "," 12,627 "," 5,271 "," 117,642 "
13 Apr 2024,Sat," 117,469 "," 17,676 "," 5,169 "," 140,314 "
12 Apr 2024,Fri," 214,033 "," 46,013 "," 5,955 "," 266,001 "
11 Apr 2024,Thu," 247,921 "," 55,405 "," 6,387 "," 309,713 "
10 Apr 2024,Wed," 271,615 "," 59,829 "," 9,294 "," 340,738 "
09 Apr 2024,Tue," 270,191 "," 59,461 "," 9,932 "," 339,584 "
08 Apr 2024,Mon," 253,620 "," 54,323 "," 9,092 "," 317,035 "
07 Apr 2024,Sun," 100,202 "," 11,966 "," 4,657 "," 116,825 "
06 Apr 2024,Sat," 120,472 "," 16,253 "," 5,840 "," 142,565 "
05 Apr 2024,Fri," 248,680 "," 52,741 "," 8,793 "," 310,214 "
04 Apr 2024,Thu," 271,032 "," 57,544 "," 9,617 "," 338,193 "
03 Apr 2024,Wed," 271,481 "," 59,559 "," 9,907 "," 340,947 "
02 Apr 2024,Tue," 192,981 "," 44,762 "," 9,669 "," 247,412 "
01 Apr 2024,Mon," 97,476 "," 5,634 "," 5,653 "," 108,763 "
31 Mar 2024,Sun," 80,664 "," 4,629 "," 6,193 "," 91,486 "
30 Mar 2024,Sat," 126,704 "," 7,616 "," 7,468 "," 141,788 "
29 Mar 2024,Fri," 71,568 "," 4,017 "," 3,825 "," 79,410 "
28 Mar 2024,Thu," 278,902 "," 62,297 "," 9,708 "," 350,907 "
27 Mar 2024,Wed," 293,257 "," 64,155 "," 10,240 "," 367,652 "
26 Mar 2024,Tue," 291,240 "," 64,810 "," 10,683 "," 366,733 "
25 Mar 2024,Mon," 269,342 "," 59,312 "," 9,583 "," 338,237 "
24 Mar 2024,Sun," 97,925 "," 15,658 "," 5,355 "," 118,938 "
23 Mar 2024,Sat," 112,952 "," 21,260 "," 5,261 "," 139,473 "
22 Mar 2024,Fri," 265,957 "," 57,679 "," 10,067 "," 333,703 "
21 Mar 2024,Thu," 291,586 "," 65,663 "," 11,266 "," 368,515 "
20 Mar 2024,Wed," 296,550 "," 63,575 "," 11,120 "," 371,245 "
19 Mar 2024,Tue," 292,644 "," 65,023 "," 11,058 "," 368,725 "
18 Mar 2024,Mon," 269,041 "," 58,795 "," 9,741 "," 337,577 "
17 Mar 2024,Sun," 108,568 "," 12,215 "," 6,348 "," 127,131 "
16 Mar 2024,Sat," 139,637 "," 17,175 "," 8,132 "," 164,944 "
15 Mar 2024,Fri," 253,616 "," 55,079 "," 8,639 "," 317,334 "
14 Mar 2024,Thu," 291,805 "," 64,058 "," 10,906 "," 366,769 "
13 Mar 2024,Wed," 299,417 "," 65,610 "," 10,310 "," 375,337 "
12 Mar 2024,Tue," 288,796 "," 64,345 "," 9,815 "," 362,956 "
11 Mar 2024,Mon," 274,815 "," 60,011 "," 10,043 "," 344,869 "
10 Mar 2024,Sun," 110,710 "," 12,904 "," 6,576 "," 130,190 "
09 Mar 2024,Sat," 135,624 "," 32,184 "," 8,241 "," 176,049 "
08 Mar 2024,Fri," 277,008 "," 66,469 "," 11,181 "," 354,658 "
07 Mar 2024,Thu," 292,278 "," 67,996 "," 10,690 "," 370,964 "
06 Mar 2024,Wed," 298,778 "," 68,128 "," 10,978 "," 377,884 "
05 Mar 2024,Tue," 286,362 "," 65,901 "," 9,759 "," 362,022 "
04 Mar 2024,Mon," 258,050 "," 57,788 "," 7,593 "," 323,431 "
03 Mar 2024,Sun," 87,487 "," 14,361 "," 4,000 "," 105,848 "
02 Mar 2024,Sat," 134,706 "," 25,255 "," 7,969 "," 167,930 "
01 Mar 2024,Fri," 275,713 "," 60,390 "," 11,556 "," 347,659 "
29 Feb 2024,Thu," 299,174 "," 68,155 "," 11,446 "," 378,775 "
28 Feb 2024,Wed," 302,826 "," 68,670 "," 11,769 "," 383,265 "
27 Feb 2024,Tue," 293,848 "," 66,409 "," 10,590 "," 370,847 "
26 Feb 2024,Mon," 265,451 "," 58,101 "," 8,367 "," 331,919 "
25 Feb 2024,Sun," 90,706 "," 15,992 "," 3,981 "," 110,679 "
24 Feb 2024,Sat," 132,142 "," 25,541 "," 8,331 "," 166,014 "
23 Feb 2024,Fri," 250,502 "," 54,646 "," 10,071 "," 315,219 "
22 Feb 2024,Thu," 272,645 "," 55,814 "," 11,078 "," 339,537 "
21 Feb 2024,Wed," 274,522 "," 60,912 "," 10,791 "," 346,225 "
20 Feb 2024,Tue," 264,478 "," 59,250 "," 10,763 "," 334,491 "
19 Feb 2024,Mon," 250,319 "," 53,929 "," 10,480 "," 314,728 "
18 Feb 2024,Sun," 105,287 "," 14,639 "," 5,722 "," 125,648 "
17 Feb 2024,Sat," 129,646 "," 19,777 "," 7,610 "," 157,033 "
16 Feb 2024,Fri," 241,954 "," 50,071 "," 10,206 "," 302,231 "
15 Feb 2024,Thu," 262,383 "," 53,323 "," 10,493 "," 326,199 "
14 Feb 2024,Wed," 271,347 "," 56,242 "," 11,591 "," 339,180 "
13 Feb 2024,Tue," 263,431 "," 56,439 "," 10,543 "," 330,413 "
12 Feb 2024,Mon," 245,857 "," 51,579 "," 9,913 "," 307,349 "
11 Feb 2024,Sun," 99,499 "," 14,101 "," 5,728 "," 119,328 "
10 Feb 2024,Sat," 117,706 "," 20,545 "," 6,585 "," 144,836 "
09 Feb 2024,Fri," 237,200 "," 49,898 "," 9,632 "," 296,730 "
08 Feb 2024,Thu," 261,083 "," 55,188 "," 10,771 "," 327,042 "
07 Feb 2024,Wed," 260,494 "," 54,361 "," 10,350 "," 325,205 "
06 Feb 2024,Tue," 104,208 "," 21,875 "," 7,239 "," 133,322 "
05 Feb 2024,Mon," 197,691 "," 39,667 "," 7,945 "," 245,303 "
04 Feb 2024,Sun," 104,371 "," 13,278 "," 6,093 "," 123,742 "
03 Feb 2024,Sat," 106,622 "," 14,726 "," 4,535 "," 125,883 "
02 Feb 2024,Fri," 222,929 "," 44,416 "," 8,346 "," 275,691 "
01 Feb 2024,Thu," 238,742 "," 53,606 "," 10,589 "," 302,937 "
31 Jan 2024,Wed," 231,953 "," 52,061 "," 10,651 "," 294,665 "
30 Jan 2024,Tue," 217,890 "," 47,169 "," 10,444 "," 275,503 "
29 Jan 2024,Mon," 97,357 "," 11,920 "," 6,299 "," 115,576 "
28 Jan 2024,Sun," 86,009 "," 9,960 "," 4,015 "," 99,984 "
27 Jan 2024,Sat," 107,052 "," 14,684 "," 6,210 "," 127,946 "
26 Jan 2024,Fri," 181,749 "," 38,204 "," 10,112 "," 230,065 "
25 Jan 2024,Thu," 200,819 "," 44,253 "," 10,489 "," 255,561 "
24 Jan 2024,Wed," 199,812 "," 46,632 "," 10,240 "," 256,684 "
23 Jan 2024,Tue," 192,158 "," 40,342 "," 9,293 "," 241,793 "
22 Jan 2024,Mon," 177,941 "," 39,180 "," 9,116 "," 226,237 "
21 Jan 2024,Sun," 93,486 "," 11,482 "," 5,308 "," 110,276 "
20 Jan 2024,Sat," 112,299 "," 14,123 "," 6,753 "," 133,175 "
19 Jan 2024,Fri," 172,653 "," 23,429 "," 8,301 "," 204,383 "
18 Jan 2024,Thu," 198,055 "," 26,823 "," 9,934 "," 234,812 "
17 Jan 2024,Wed," 198,454 "," 27,870 "," 9,713 "," 236,037 "
16 Jan 2024,Tue," 195,577 "," 25,848 "," 9,505 "," 230,930 "
15 Jan 2024,Mon," 169,191 "," 21,040 "," 7,724 "," 197,955 "
14 Jan 2024,Sun," 91,908 "," 4,724 "," 5,498 "," 102,130 "
13 Jan 2024,Sat," 108,867 "," 5,712 "," 6,956 "," 121,535 "
12 Jan 2024,Fri," 160,663 "," 10,060 "," 8,655 "," 179,378 "
11 Jan 2024,Thu," 168,124 "," 10,175 "," 8,883 "," 187,182 "
10 Jan 2024,Wed," 170,248 "," 10,736 "," 9,153 "," 190,137 "
09 Jan 2024,Tue," 163,086 "," 10,396 "," 9,413 "," 182,895 "
08 Jan 2024,Mon," 150,927 "," 9,944 "," 8,127 "," 168,998 "
07 Jan 2024,Sun," 89,656 "," 4,774 "," 6,425 "," 100,855 "
06 Jan 2024,Sat," 91,787 "," 4,824 "," 4,925 "," 101,536 "
05 Jan 2024,Fri," 115,656 "," 7,176 "," 6,162 "," 128,994 "
04 Jan 2024,Thu," 121,427 "," 7,360 "," 7,554 "," 136,341 "
03 Jan 2024,Wed," 114,583 "," 7,113 "," 7,142 "," 128,838 "
02 Jan 2024,Tue," 82,772 "," 4,686 "," 6,908 "," 94,366 "
01 Jan 2024,Mon," 69,246 "," 4,067 "," 6,318 "," 79,631 "
31 Dec 2023,Sun," 79,704 "," 4,479 "," 4,558 "," 88,741 "
30 Dec 2023,Sat," 99,167 "," 5,194 "," 7,035 "," 111,396 "
29 Dec 2023,Fri," 87,926 "," 5,577 "," 3,618 "," 97,121 "
28 Dec 2023,Thu," 108,206 "," 6,901 "," 6,625 "," 121,732 "
27 Dec 2023,Wed," 107,492 "," 6,150 "," 7,084 "," 120,726 "
26 Dec 2023,Tue," 83,998 "," 5,295 "," 4,189 "," 93,482 "
25 Dec 2023,Mon," 29,844 "," 4,717 "," 2,528 "," 37,089 "
24 Dec 2023,Sun," 72,206 "," 9,607 "," 3,030 "," 84,843 "
23 Dec 2023,Sat," 102,342 "," 15,950 "," 5,128 "," 123,420 "
22 Dec 2023,Fri," 153,310 "," 31,097 "," 8,149 "," 192,556 "
21 Dec 2023,Thu," 177,934 "," 37,732 "," 9,696 "," 225,362 "
20 Dec 2023,Wed," 189,772 "," 41,472 "," 10,114 "," 241,358 "
19 Dec 2023,Tue," 185,505 "," 41,591 "," 9,762 "," 236,858 "
18 Dec 2023,Mon," 172,590 "," 38,353 "," 9,185 "," 220,128 "
17 Dec 2023,Sun," 97,632 "," 9,521 "," 5,208 "," 112,361 "
16 Dec 2023,Sat," 116,095 "," 15,002 "," 6,476 "," 137,573 "
15 Dec 2023,Fri," 187,009 "," 40,444 "," 9,580 "," 237,033 "
14 Dec 2023,Thu," 206,152 "," 46,189 "," 9,742 "," 262,083 "
13 Dec 2023,Wed," 203,699 "," 45,318 "," 8,918 "," 257,935 "
12 Dec 2023,Tue," 206,485 "," 45,802 "," 9,714 "," 262,001 "
11 Dec 2023,Mon," 196,687 "," 42,359 "," 9,421 "," 248,467 "
10 Dec 2023,Sun," 93,025 "," 13,590 "," 4,973 "," 111,588 "
09 Dec 2023,Sat," 122,620 "," 24,723 "," 7,713 "," 155,056 "
08 Dec 2023,Fri," 208,909 "," 43,835 "," 10,966 "," 263,710 "
07 Dec 2023,Thu," 225,916 "," 49,933 "," 9,935 "," 285,784 "
06 Dec 2023,Wed," 229,561 "," 49,728 "," 9,924 "," 289,213 "
05 Dec 2023,Tue," 214,550 "," 47,600 "," 9,143 "," 271,293 "
04 Dec 2023,Mon," 200,782 "," 43,228 "," 7,945 "," 251,955 "
03 Dec 2023,Sun," 75,731 "," 10,980 "," 3,371 "," 90,082 "
02 Dec 2023,Sat," 120,346 "," 15,688 "," 6,314 "," 142,348 "
01 Dec 2023,Fri," 213,749 "," 45,753 "," 9,386 "," 268,888 "
30 Nov 2023,Thu," 230,372 "," 49,698 "," 10,389 "," 290,459 "
29 Nov 2023,Wed," 232,802 "," 50,000 "," 9,731 "," 292,533 "
28 Nov 2023,Tue," 227,720 "," 50,581 "," 9,840 "," 288,141 "
27 Nov 2023,Mon," 215,782 "," 45,851 "," 8,755 "," 270,388 "
26 Nov 2023,Sun," 106,572 "," 30,783 "," 7,122 "," 144,477 "
25 Nov 2023,Sat," 121,366 "," 20,398 "," 6,661 "," 148,425 "
24 Nov 2023,Fri," 213,710 "," 47,482 "," 8,870 "," 270,062 "
23 Nov 2023,Thu," 238,090 "," 51,942 "," 9,883 "," 299,915 "
22 Nov 2023,Wed," 238,577 "," 52,682 "," 9,950 "," 301,209 "
21 Nov 2023,Tue," 235,456 "," 51,122 "," 9,562 "," 296,140 "
20 Nov 2023,Mon," 206,366 "," 44,841 "," 8,328 "," 259,535 "
19 Nov 2023,Sun," 80,901 "," 8,745 "," 3,347 "," 92,993 "
18 Nov 2023,Sat," 102,498 "," 12,714 "," 3,970 "," 119,182 "
17 Nov 2023,Fri," 203,056 "," 44,519 "," 8,389 "," 255,964 "
16 Nov 2023,Thu," 234,460 "," 51,520 "," 9,825 "," 295,805 "
15 Nov 2023,Wed," 235,276 "," 49,468 "," 9,205 "," 293,949 "
14 Nov 2023,Tue," 228,483 "," 50,304 "," 9,215 "," 288,002 "
13 Nov 2023,Mon," 206,676 "," 43,797 "," 9,391 "," 259,864 "
12 Nov 2023,Sun," 100,329 "," 5,482 "," 6,429 "," 112,240 "
11 Nov 2023,Sat," 122,881 "," 7,478 "," 8,229 "," 138,588 "
10 Nov 2023,Fri," 220,145 "," 45,353 "," 9,577 "," 275,075 "
09 Nov 2023,Thu," 241,800 "," 53,135 "," 9,936 "," 304,871 "
08 Nov 2023,Wed," 237,935 "," 52,686 "," 9,157 "," 299,778 "
07 Nov 2023,Tue," 230,567 "," 51,062 "," 9,694 "," 291,323 "
06 Nov 2023,Mon," 214,798 "," 46,495 "," 8,910 "," 270,203 "
05 Nov 2023,Sun," 96,736 "," 16,894 "," 5,166 "," 118,796 "
04 Nov 2023,Sat," 121,870 "," 23,023 "," 7,212 "," 152,105 "
03 Nov 2023,Fri," 189,801 "," 40,955 "," 7,007 "," 237,763 "
02 Nov 2023,Thu," 231,705 "," 51,189 "," 9,084 "," 291,978 "
01 Nov 2023,Wed," 236,588 "," 51,337 "," 9,238 "," 297,163 "
31 Oct 2023,Tue," 227,761 "," 48,803 "," 8,265 "," 284,829 "
30 Oct 2023,Mon," 192,073 "," 42,024 "," 4,856 "," 238,953 "
29 Oct 2023,Sun," 82,643 "," 12,451 "," 3,210 "," 98,304 "
28 Oct 2023,Sat," 119,150 "," 11,210 "," 5,993 "," 136,353 "
27 Oct 2023,Fri," 213,452 "," 44,351 "," 7,174 "," 264,977 "
26 Oct 2023,Thu," 242,955 "," 52,218 "," 8,869 "," 304,042 "
25 Oct 2023,Wed," 230,409 "," 51,474 "," 7,998 "," 289,881 "
24 Oct 2023,Tue," 226,577 "," 50,431 "," 8,326 "," 285,334 "
23 Oct 2023,Mon," 89,399 "," 5,029 "," 5,826 "," 100,254 "
22 Oct 2023,Sun," 99,674 "," 5,554 "," 5,822 "," 111,050 "
21 Oct 2023,Sat," 118,886 "," 7,351 "," 5,954 "," 132,191 "
20 Oct 2023,Fri," 223,695 "," 47,042 "," 8,037 "," 278,774 "
19 Oct 2023,Thu," 248,973 "," 55,752 "," 9,305 "," 314,030 "
18 Oct 2023,Wed," 242,995 "," 55,132 "," 8,610 "," 306,737 "
17 Oct 2023,Tue," 245,574 "," 53,555 "," 8,921 "," 308,050 "
16 Oct 2023,Mon," 227,814 "," 49,622 "," 7,954 "," 285,390 "
15 Oct 2023,Sun," 89,820 "," 12,929 "," 4,352 "," 107,101 "
14 Oct 2023,Sat," 112,015 "," 16,272 "," 5,389 "," 133,676 "
13 Oct 2023,Fri," 229,009 "," 48,251 "," 7,720 "," 284,980 "
12 Oct 2023,Thu," 245,122 "," 53,808 "," 8,508 "," 307,438 "
11 Oct 2023,Wed," 246,008 "," 53,621 "," 8,323 "," 307,952 "
10 Oct 2023,Tue," 243,253 "," 53,130 "," 8,397 "," 304,780 "
09 Oct 2023,Mon," 224,718 "," 48,878 "," 7,911 "," 281,507 "
08 Oct 2023,Sun," 82,343 "," 10,528 "," 3,271 "," 96,142 "
07 Oct 2023,Sat," 98,374 "," 14,187 "," 4,215 "," 116,776 "
06 Oct 2023,Fri," 183,809 "," 40,711 "," 9,601 "," 234,121 "
05 Oct 2023,Thu," 201,376 "," 48,027 "," 10,116 "," 259,519 "
04 Oct 2023,Wed," 207,044 "," 49,722 "," 10,573 "," 267,339 "
03 Oct 2023,Tue," 201,189 "," 47,656 "," 9,810 "," 258,655 "
02 Oct 2023,Mon," 188,294 "," 44,114 "," 7,799 "," 240,207 "
01 Oct 2023,Sun," 88,975 "," 11,509 "," 5,065 "," 105,549 "
30 Sep 2023,Sat," 85,854 "," 13,593 "," 3,539 "," 102,986 "
29 Sep 2023,Fri," 185,736 "," 42,531 "," 7,730 "," 235,997 "
28 Sep 2023,Thu," 200,628 "," 47,314 "," 8,127 "," 256,069 "
27 Sep 2023,Wed," 200,602 "," 47,024 "," 8,822 "," 256,448 "
26 Sep 2023,Tue," 201,628 "," 47,476 "," 8,691 "," 257,795 "
25 Sep 2023,Mon," 161,395 "," 39,501 "," 7,162 "," 208,058 "
24 Sep 2023,Sun," 91,207 "," 10,572 "," 5,276 "," 107,055 "
23 Sep 2023,Sat," 114,472 "," 15,328 "," 6,182 "," 135,982 "
22 Sep 2023,Fri," 226,507 "," 48,431 "," 8,102 "," 283,040 "
21 Sep 2023,Thu," 244,668 "," 55,599 "," 9,032 "," 309,299 "
20 Sep 2023,Wed," 244,637 "," 54,849 "," 8,964 "," 308,450 "
19 Sep 2023,Tue," 245,888 "," 55,475 "," 9,407 "," 310,770 "
18 Sep 2023,Mon," 224,160 "," 48,892 "," 7,931 "," 280,983 "
17 Sep 2023,Sun," 85,279 "," 11,044 "," 5,276 "," 101,599 "
16 Sep 2023,Sat," 107,604 "," 15,884 "," 5,458 "," 128,946 "
15 Sep 2023,Fri," 211,784 "," 47,779 "," 8,515 "," 268,078 "
14 Sep 2023,Thu," 228,765 "," 51,435 "," 8,911 "," 289,111 "
13 Sep 2023,Wed," 232,405 "," 53,717 "," 8,826 "," 294,948 "
12 Sep 2023,Tue," 244,057 "," 54,375 "," 9,255 "," 307,687 "
11 Sep 2023,Mon," 206,666 "," 44,924 "," 6,958 "," 258,548 "
10 Sep 2023,Sun," 89,305 "," 12,326 "," 5,210 "," 106,841 "
09 Sep 2023,Sat," 111,459 "," 16,871 "," 6,524 "," 134,854 "
08 Sep 2023,Fri," 218,567 "," 47,121 "," 8,701 "," 274,389 "
07 Sep 2023,Thu," 217,907 "," 49,363 "," 7,157 "," 274,427 "
06 Sep 2023,Wed," 228,424 "," 51,398 "," 7,996 "," 287,818 "
05 Sep 2023,Tue," 220,091 "," 49,613 "," 7,238 "," 276,942 "
04 Sep 2023,Mon," 188,342 "," 42,009 "," 5,402 "," 235,753 "
03 Sep 2023,Sun," 79,717 "," 10,544 "," 3,905 "," 94,166 "
02 Sep 2023,Sat," 115,226 "," 16,772 "," 6,797 "," 138,795 "
01 Sep 2023,Fri," 213,856 "," 45,799 "," 8,259 "," 267,914 "
31 Aug 2023,Thu," 232,120 "," 52,147 "," 8,414 "," 292,681 "
30 Aug 2023,Wed," 231,153 "," 52,404 "," 8,211 "," 291,768 "
29 Aug 2023,Tue," 237,314 "," 52,740 "," 9,490 "," 299,544 "
28 Aug 2023,Mon," 215,370 "," 46,061 "," 8,052 "," 269,483 "
27 Aug 2023,Sun," 88,954 "," 9,577 "," 4,364 "," 102,895 "
26 Aug 2023,Sat," 120,675 "," 14,883 "," 6,300 "," 141,858 "
25 Aug 2023,Fri," 227,703 "," 49,964 "," 8,307 "," 285,974 "
24 Aug 2023,Thu," 244,092 "," 53,862 "," 8,277 "," 306,231 "
23 Aug 2023,Wed," 249,392 "," 54,652 "," 8,865 "," 312,909 "
22 Aug 2023,Tue," 249,954 "," 55,216 "," 9,416 "," 314,586 "
21 Aug 2023,Mon," 206,744 "," 44,779 "," 6,622 "," 258,145 "
20 Aug 2023,Sun," 77,861 "," 9,912 "," 2,989 "," 90,762 "
19 Aug 2023,Sat," 102,336 "," 14,877 "," 4,345 "," 121,558 "
18 Aug 2023,Fri," 227,283 "," 50,998 "," 8,812 "," 287,093 "
17 Aug 2023,Thu," 246,870 "," 53,752 "," 8,871 "," 309,493 "
16 Aug 2023,Wed," 246,220 "," 55,278 "," 8,634 "," 310,132 "
15 Aug 2023,Tue," 250,025 "," 55,228 "," 9,687 "," 314,940 "
14 Aug 2023,Mon," 221,938 "," 47,943 "," 7,765 "," 277,646 "
13 Aug 2023,Sun," 82,222 "," 12,850 "," 3,993 "," 99,065 "
12 Aug 2023,Sat," 109,040 "," 18,585 "," 6,098 "," 133,723 "
11 Aug 2023,Fri," 230,256 "," 48,922 "," 9,080 "," 288,258 "
10 Aug 2023,Thu," 243,635 "," 45,039 "," 8,419 "," 297,093 "
09 Aug 2023,Wed," 251,222 "," 51,575 "," 8,996 "," 311,793 "
08 Aug 2023,Tue," 241,858 "," 54,112 "," 8,833 "," 304,803 "
07 Aug 2023,Mon," 230,157 "," 50,491 "," 8,073 "," 288,721 "
06 Aug 2023,Sun," 90,469 "," 15,521 "," 5,733 "," 111,723 "
05 Aug 2023,Sat," 113,978 "," 21,962 "," 7,193 "," 143,133 "
04 Aug 2023,Fri," 228,191 "," 48,449 "," 8,121 "," 284,761 "
03 Aug 2023,Thu," 250,913 "," 54,265 "," 9,227 "," 314,405 "
02 Aug 2023,Wed," 220,400 "," 48,543 "," 6,603 "," 275,546 "
01 Aug 2023,Tue," 254,136 "," 56,279 "," 9,496 "," 319,911 "
31 Jul 2023,Mon," 228,583 "," 50,256 "," 8,003 "," 286,842 "
30 Jul 2023,Sun," 89,685 "," 14,945 "," 4,412 "," 109,042 "
29 Jul 2023,Sat," 110,665 "," 18,807 "," 5,234 "," 134,706 "
28 Jul 2023,Fri," 230,299 "," 49,175 "," 8,188 "," 287,662 "
27 Jul 2023,Thu," 237,973 "," 52,507 "," 8,128 "," 298,608 "
26 Jul 2023,Wed," 236,245 "," 40,281 "," 7,637 "," 284,163 "
25 Jul 2023,Tue," 249,852 "," 55,416 "," 8,793 "," 314,061 "
24 Jul 2023,Mon," 234,498 "," 51,297 "," 8,650 "," 294,445 "
23 Jul 2023,Sun," 91,351 "," 9,701 "," 4,202 "," 105,254 "
22 Jul 2023,Sat," 112,608 "," 18,556 "," 5,672 "," 136,836 "
21 Jul 2023,Fri," 192,873 "," 37,092 "," 6,017 "," 235,982 "
20 Jul 2023,Thu," 226,274 "," 48,007 "," 5,150 "," 279,431 "
19 Jul 2023,Wed," 248,187 "," 55,438 "," 8,919 "," 312,544 "
18 Jul 2023,Tue," 247,551 "," 53,906 "," 9,189 "," 310,646 "
17 Jul 2023,Mon," 224,156 "," 47,957 "," 7,613 "," 279,726 "
16 Jul 2023,Sun," 78,255 "," 13,409 "," 3,701 "," 95,365 "
15 Jul 2023,Sat," 98,242 "," 16,903 "," 6,291 "," 121,436 "
14 Jul 2023,Fri," 87,018 "," 16,323 "," 5,173 "," 108,514 "
13 Jul 2023,Thu," 166,007 "," 42,415 "," 8,747 "," 217,169 "
12 Jul 2023,Wed," 166,750 "," 43,211 "," 8,550 "," 218,511 "
11 Jul 2023,Tue," 166,764 "," 43,493 "," 8,808 "," 219,065 "
10 Jul 2023,Mon," 140,972 "," 36,308 "," 7,599 "," 184,879 "
09 Jul 2023,Sun," 78,782 "," 8,888 "," 3,434 "," 91,104 "
08 Jul 2023,Sat," 92,405 "," 11,486 "," 3,990 "," 107,881 "
07 Jul 2023,Fri," 148,127 "," 34,996 "," 6,685 "," 189,808 "
06 Jul 2023,Thu," 178,801 "," 43,857 "," 9,419 "," 232,077 "
05 Jul 2023,Wed," 174,881 "," 42,780 "," 8,558 "," 226,219 "
04 Jul 2023,Tue," 171,812 "," 40,252 "," 8,347 "," 220,411 "
03 Jul 2023,Mon," 142,910 "," 31,568 "," 6,076 "," 180,554 "
02 Jul 2023,Sun," 74,658 "," 8,236 "," 2,796 "," 85,690 "
01 Jul 2023,Sat," 91,552 "," 13,924 "," 3,760 "," 109,236 "